INDICATOR_CATEGORY,METRIC_NAME,AOI,YEAR,METRIC_DESCRIPTION,METRIC_UNITS,UUID,DATE_DOWNLOADED,DSID,FINAL_TABLE,METADATA,SOURCE_NAME,SOURCE_URL,SLOPE
Anthropogenic,AgKffact,"Cat, Ws",,"Mean of STATSGO Kffactor raster on agricultural land (NLCD 2006) within AOI. The Universal Soil Loss Equation (USLE) and represents a relative index of susceptibility of bare, cultivated soil to particle detachment and transport by rainfall",Unitless,AA3ADCFD-0758-47FC-A069-31E95A116A3D,14-JUN-16,28.0,Kffact,https://edg.epa.gov/metadata/catalog/search/resource/details.page?uuid=AA3ADCFD-0758-47FC-A069-31E95A116A3D,Penn State Soil Info,http://www.soilinfo.psu.edu/index.cgi?soil_data&conus&data_cov&k&methods,
Natural,Al2O3,"Cat, Ws",,Mean % of lithological aluminum oxide (Al2O3) content in surface or near surface geology within AOI,Percent,DC063B04-19B9-4172-9D07-37B118DB935A,19-AUG-16,13.0,GeoChemPhys1,https://edg.epa.gov/metadata/catalog/search/resource/details.page?uuid=DC063B04-19B9-4172-9D07-37B118DB935A,USGS Sciencebase,https://www.sciencebase.gov/catalog/folder/53481333e4b06f6ce034aae7,
Base,AreaSqKm,Ws,,Watershed area (square km) ,Square Kilometers,,,,All,0,NHDPlusV2,https://www.epa.gov/waterdata/nhdplus-national-hydrography-dataset-plus,
Natural,BFI,"Cat, Ws",,"Base flow is the component of streamflow that can be attributed to ground-water discharge into streams. The BFI is the ratio of base flow to total flow, expressed as a percentage, within AOI",Percent,F50445F4-99B8-46E7-BF1B-A75D3320E52A,10-MAR-16,2.0,BFI,https://edg.epa.gov/metadata/catalog/search/resource/details.page?uuid=F50445F4-99B8-46E7-BF1B-A75D3320E52A,USGS Water Mission Area,http://water.usgs.gov/GIS/metadata/usgswrd/XML/bfi48grd.xml,
Natural,BankfullDepth,Other,,"Predicted bankfull depth: thalweg depth plus bankfull height, which is the height from the water surface to the bankfull stage",Meters,7a44ee19-0620-4be9-b82d-e2a42943c067,21-MAR-23,125.0,predicted_channel_widths_depths,https://edg.epa.gov/metadata/catalog/search/resource/details.page?uuid=7a44ee19-0620-4be9-b82d-e2a42943c067,Doyle et al. 2023,https://doi.org/10.1111/1752-1688.13116,
Natural,BankfullWidth,Other,,Predicted bankfull width: distance from left to right bank at bankfull stage where the potential water height would spill outside of the channel and into the floodplain,Meters,7a44ee19-0620-4be9-b82d-e2a42943c067,21-MAR-23,125.0,predicted_channel_widths_depths,https://edg.epa.gov/metadata/catalog/search/resource/details.page?uuid=7a44ee19-0620-4be9-b82d-e2a42943c067,Doyle et al. 2023,https://doi.org/10.1111/1752-1688.13116,
Anthropogenic,CBNF,"Cat, Ws",,"Mean rate of biological nitrogen fixation from the cultivation of crops in kg N/ha/yr, within AOI",Kilogram/Hectar/Year,799414E7-AE12-4785-B444-7786AE9D6489,31-MAR-16,1.0,AgriculturalNitrogen,https://edg.epa.gov/metadata/catalog/search/resource/details.page?uuid=799414E7-AE12-4785-B444-7786AE9D6487,EnviroAtlas,http://enviroatlas.epa.gov/enviroatlas/Datafactsheets/pdf/ESN/CultivatedBiologicalNitrogenFixation.pdf,
Anthropogenic,CHEM,"Cat, Ws",,Revised index of regulation of water chemistry component score calculated using AOI metrics (version 2.1) based on Johnson et al. 2018 STOTEN,Unitless,520397B1-342A-45EA-B8F9-B05694C0A194,15-FEB-20,18.0,ICI_IWI_v2_1,https://edg.epa.gov/metadata/catalog/search/resource/details.page?uuid=520397B1-342A-45EA-B8F9-B05694C0A194,Johnson et al. 2019,https://www.ncbi.nlm.nih.gov/pmc/articles/PMC6469687/,
Anthropogenic,CONN,"Cat, Ws",,Hydrologic connectivity component score calculated using AOI metrics,Unitless,520397B1-342A-45EA-B8F9-B05694C0A194,15-FEB-20,17.0,ICI_IWI_v2_1,https://edg.epa.gov/metadata/catalog/search/resource/details.page?uuid=520397B1-342A-45EA-B8F9-B05694C0A194,Johnson et al. 2019,https://www.ncbi.nlm.nih.gov/pmc/articles/PMC6469687/,
Natural,CaO,"Cat, Ws",,Mean % of lithological calcium oxide (CaO) content in surface or near surface geology within AOI,Percent,DC063B04-19B9-4172-9D07-37B118DB935A,19-AUG-16,13.0,GeoChemPhys1,https://edg.epa.gov/metadata/catalog/search/resource/details.page?uuid=DC063B04-19B9-4172-9D07-37B118DB935A,USGS Sciencebase,https://www.sciencebase.gov/catalog/folder/53481333e4b06f6ce034aae7,
Anthropogenic,CanalDens,"Cat, Ws",,"Density of NHDPlus line features classified as canal, ditch, or pipeline within the AOI (km/ square km)",Kilometer/Square Kilometer,e0398045-0643-492e-960c-d882b6519585,17-JAN-17,3.0,CanalDensity,https://edg.epa.gov/metadata/rest/document?id=e0398045-0643-492e-960c-d882b6519585,Falcone et al. 2010,https://esajournals.onlinelibrary.wiley.com/doi/abs/10.1890/09-0889.1,
Base,CatAreaSqKmRp100,"Cat, CatRp100",,Area of local NHDPlus AOIs (square km) within a 100-m buffer of NHD streams. Original NLCD 2006 water cells adjacent to NHD stream lines used to expand NHD stream lines to full water area,Square Kilometers,0,16-MAY-16,,Many tables,0,NHDPlusV2,https://www.epa.gov/waterdata/nhdplus-national-hydrography-dataset-plus,
Base,CatAreaSqKm,Cat,,Area of local NHDPlus AOI (square km),Square Kilometers,0,16-MAY-16,,All tables,0,NHDPlusV2,https://www.epa.gov/waterdata/nhdplus-national-hydrography-dataset-plus,
Base,CatPctFull,"Cat, CatRp100",,Percent of the AOI that is covered by the landscape layer.,Percent,0,16-MAY-16,,All tables,0,NHDPlusV2,https://www.epa.gov/waterdata/nhdplus-national-hydrography-dataset-plus,
Natural,Clay,"Cat, Ws",,Mean % clay content of soils (STATSGO) within AOI ,Percent,AA3ADCFD-0758-47FC-A069-31E95A116A3D,15-JAN-16,55.0,STATSGO_Set1,https://edg.epa.gov/metadata/catalog/search/resource/details.page?uuid=AA3ADCFD-0758-47FC-A069-31E95A116A3D,Carlisle et al. 2009,https://link.springer.com/article/10.1007/s10661-008-0256-z,
Anthropogenic,CoalMineDens,"Cat, Ws",,Density of coal mines sites within AOI (mines/square km),Count/Square Kilometer,a440e12b-9875-4b88-b7af-f095c79f891b,24-FEB-14,4.0,CoalMines,https://edg.epa.gov/metadata/rest/document?id=a440e12b-9875-4b88-b7af-f095c79f891b,USGS NCRDS,https://ncrdspublic.er.usgs.gov/ncrds_data/,
Natural,CompStrgth,"Cat, Ws",,Mean lithological uniaxial compressive strength (megaPascals) content in surface or near surface geology within AOI,Percent,DC063B04-19B9-4172-9D07-37B118DB935A,19-AUG-16,16.0,GeoChemPhys4,https://edg.epa.gov/metadata/catalog/search/resource/details.page?uuid=DC063B04-19B9-4172-9D07-37B118DB935A,USGS Sciencebase,https://www.sciencebase.gov/catalog/folder/53481333e4b06f6ce034aae7,
Anthropogenic,DamDens,"Cat, Ws",,Density of georeferenced dams within AOI (dams/ square km),Count/Square Kilometer,52F2F469-AC5D-40B9-B1FD-0DFD8AC53B47,24-FEB-14,5.0,Dams,https://edg.epa.gov/metadata/catalog/search/resource/details.page?uuid=52F2F469-AC5D-40B9-B1FD-0DFD8AC53B47,USGS NAWQA,ftp://ftpext.usgs.gov/pub/er/va/reston/NAWQA_ENS/GIS_DATA/dams/,
Anthropogenic,DamNIDStor,"Cat, Ws",,Volume all reservoirs (NID_STORA in NID) per unit area of AOI (cubic meters/square km),Cubic Meters/Square Kilometer,52F2F469-AC5D-40B9-B1FD-0DFD8AC53B47,24-FEB-14,5.0,Dams,https://edg.epa.gov/metadata/catalog/search/resource/details.page?uuid=52F2F469-AC5D-40B9-B1FD-0DFD8AC53B48,USGS NAWQA,ftp://ftpext.usgs.gov/pub/er/va/reston/NAWQA_ENS/GIS_DATA/dams/,
Anthropogenic,DamNrmStor,"Cat, Ws",,Volume all reservoirs (NORM_STORA in NID) per unit area of AOI (cubic meters/square km),Cubic Meters/Square Kilometer,52F2F469-AC5D-40B9-B1FD-0DFD8AC53B47,24-FEB-14,5.0,Dams,https://edg.epa.gov/metadata/catalog/search/resource/details.page?uuid=52F2F469-AC5D-40B9-B1FD-0DFD8AC53B49,USGS NAWQA,ftp://ftpext.usgs.gov/pub/er/va/reston/NAWQA_ENS/GIS_DATA/dams/,
Natural,Elev,"Cat, Ws",,Mean AOI elevation (m),Meters,FD387D2B-CCD3-4D17-ACDE-A9A8426CA1CA,24-FEB-14,6.0,Elevation,https://edg.epa.gov/metadata/catalog/search/resource/details.page?uuid=FD387D2B-CCD3-4D17-ACDE-A9A8426CA1CA,NHDPlusV2,https://nhdplus.com/NHDPlus/,
Natural,Fe2O3,"Cat, Ws",,Mean % of lithological ferric oxide (Fe2O3) content in surface or near surface geology within AOI,Percent,DC063B04-19B9-4172-9D07-37B118DB935A,19-AUG-16,13.0,GeoChemPhys1,https://edg.epa.gov/metadata/catalog/search/resource/details.page?uuid=DC063B04-19B9-4172-9D07-37B118DB935A,USGS Sciencebase,https://www.sciencebase.gov/catalog/folder/53481333e4b06f6ce034aae7,
Anthropogenic,Fert,"Cat, Ws",,"Mean rate of synthetic nitrogen fertilizer application to agricultural land in kg N/ha/yr, within the AOI",Kilogram/Hectar/Year,799414E7-AE12-4785-B444-7786AE9D6489,17-MAR-16,1.0,AgriculturalNitrogen,https://edg.epa.gov/metadata/catalog/search/resource/details.page?uuid=799414E7-AE12-4785-B444-7786AE9D6489,EnviroAtlas,https://enviroatlas.epa.gov/enviroatlas/DataFactSheets/pdf/ESN/Syntheticnitrogenfertilizerapplication.pdf,
Anthropogenic,HABT,"Cat, Ws",,Habitat provision component score calculated using AOI metrics,Unitless,520397B1-342A-45EA-B8F9-B05694C0A194,15-FEB-20,17.0,ICI_IWI_v2_1,https://edg.epa.gov/metadata/catalog/search/resource/details.page?uuid=520397B1-342A-45EA-B8F9-B05694C0A194,Johnson et al. 2019,https://www.ncbi.nlm.nih.gov/pmc/articles/PMC6469687/,
Anthropogenic,HUDen[Year],"Cat, Ws, CatRp100, WsRp100",2010,Mean housing unit density (housing units/square km) within AOI.,Count/Square Kilometer,DF3DB5FE-C99A-4DA4-8339-8698B5D7D801,07-DEC-15,59.0,USCensus2010,https://edg.epa.gov/metadata/catalog/search/resource/details.page?uuid=DF3DB5FE-C99A-4DA4-8339-8698B5D7D801,US Census,https://www.census.gov/programs-surveys/popest/data/data-sets.html,
Anthropogenic,HYD,"Cat, Ws",,Hydrologic regulation component score calculated using AOI metrics,Unitless,520397B1-342A-45EA-B8F9-B05694C0A194,15-FEB-20,17.0,ICI_IWI_v2_1,https://edg.epa.gov/metadata/catalog/search/resource/details.page?uuid=520397B1-342A-45EA-B8F9-B05694C0A194,Johson et al. 2019,https://www.ncbi.nlm.nih.gov/pmc/articles/PMC6469687/,
Natural,HydrlCond,"Cat, Ws",,Mean lithological hydraulic conductivity (micrometers per second) content in surface or near surface geology within AOI,Percent,DC063B04-19B9-4172-9D07-37B118DB935A,19-AUG-16,15.0,GeoChemPhys3,https://edg.epa.gov/metadata/catalog/search/resource/details.page?uuid=DC063B04-19B9-4172-9D07-37B118DB935A,USGS Sciencebase,https://www.sciencebase.gov/catalog/folder/53481333e4b06f6ce034aae7,
Anthropogenic,ICI,Other,,Revised Index of catchment integrity (version 2.1) based on Johnson et al. 2018 STOTEN,Unitless,520397B1-342A-45EA-B8F9-B05694C0A194,15-FEB-20,18.0,ICI_IWI_v2.1,https://edg.epa.gov/metadata/catalog/search/resource/details.page?uuid=520397B1-342A-45EA-B8F9-B05694C0A194,Johnson et al. 2019,https://www.ncbi.nlm.nih.gov/pmc/articles/PMC6469687/,
Anthropogenic,IWI,Other,,Revised Index of catchment integrity (version 2.1) based on Johnson et al. 2018 STOTEN,Unitless,520397B1-342A-45EA-B8F9-B05694C0A194,15-FEB-20,18.0,ICI_IWI_v2.1,https://edg.epa.gov/metadata/catalog/search/resource/details.page?uuid=520397B1-342A-45EA-B8F9-B05694C0A194,Johnson et al. 2019,https://www.ncbi.nlm.nih.gov/pmc/articles/PMC6469687/,
Natural,InorgNWetDep[Year],"Cat, Ws",2008,"Annual gradient map of precipitation-weighted mean deposition for inorganic nitrogen wet deposition from nitrate and ammonium for 2008 in kg of N/ha/yr, within AOI",Kilogram/Hectare/Year,49DA91A5-0D29-41E4-96BD-93987FF85979,11-MAR-16,34.0,NADP,https://edg.epa.gov/metadata/catalog/search/resource/details.page?uuid=49DA91A5-0D29-41E4-96BD-93987FF85981,NADP,https://nadp.slh.wisc.edu/maps-data/ntn-gradient-maps/,
Natural,K2O,"Cat, Ws",,Mean % of lithological potassium oxide (K2O) content in surface or near surface geology within AOI,Percent,DC063B04-19B9-4172-9D07-37B118DB935A,19-AUG-16,13.0,GeoChemPhys1,https://edg.epa.gov/metadata/catalog/search/resource/details.page?uuid=DC063B04-19B9-4172-9D07-37B118DB935A,USGS Sciencebase,https://www.sciencebase.gov/catalog/folder/53481333e4b06f6ce034aae7,
Anthropogenic,Kffact,"Cat, Ws",,"Mean of STATSGO Kffactor raster within AOI. The Universal Soil Loss Equation (USLE) and represents a relative index of susceptibility of bare, cultivated soil to particle detachment and transport by rainfall",Unitless,AA3ADCFD-0758-47FC-A069-31E95A116A3D,14-JUN-16,28.0,Kffact,https://edg.epa.gov/metadata/catalog/search/resource/details.page?uuid=AA3ADCFD-0758-47FC-A069-31E95A116A3D,Penn State Soil Info,http://www.soilinfo.psu.edu/index.cgi?soil_data&conus&data_cov&k&methods,
Natural,MAST[Year],Other,"2008, 2009, 2013, 2014","Predicted mean annual stream temperature (Jan-Dec) for year 2008, 2009, 2013, 2014",Celsius,B93A5967-949A-4075-AA3D-EA60105D2E86,12-OCT-15,49.0,RefStreamTempPred,https://edg.epa.gov/metadata/catalog/search/resource/details.page?uuid=B93A5967-949A-4075-AA3D-EA60105D2E86,Hill et al. 2013,https://www.jstor.org/stable/10.1086/fresscie.32.issue-1,
Natural,MSST[Year],Other,"2008, 2009, 2013, 2014","Predicted mean summer stream temperature (July-Aug) for years 2008, 2009, 2013, 2014",Celsius,B93A5967-949A-4075-AA3D-EA60105D2E86,12-OCT-15,49.0,RefStreamTempPred,https://edg.epa.gov/metadata/catalog/search/resource/details.page?uuid=B93A5967-949A-4075-AA3D-EA60105D2E86,Hill et al. 2013,https://www.jstor.org/stable/10.1086/fresscie.32.issue-1,
Natural,MWST[Year],Other,"2008, 2009, 2013, 2014","Predicted mean winter stream temperature (Jan-Feb) for year 2008, 2009, 2013, 2014",Percent,B93A5967-949A-4075-AA3D-EA60105D2E86,12-OCT-15,49.0,RefStreamTempPred,https://edg.epa.gov/metadata/catalog/search/resource/details.page?uuid=B93A5967-949A-4075-AA3D-EA60105D2E86,Hill et al. 2013,https://www.jstor.org/stable/10.1086/fresscie.32.issue-1,
Anthropogenic,Manure,"Cat, Ws",,"Mean rate of manure application to agricultural land from confined animal feeding operations in kg N/ha/yr, within AOI",Kilogram/Hectare/Year,799414E7-AE12-4785-B444-7786AE9D6489,17-MAR-16,1.0,AgriculturalNitrogen,https://edg.epa.gov/metadata/catalog/search/resource/details.page?uuid=799414E7-AE12-4785-B444-7786AE9D6488,EnviroAtlas,http://enviroatlas.epa.gov/EnviroAtlas/DataFactSheets/pdf/ESN/ManureApplication.pdf,
Natural,MgO,"Cat, Ws",,Mean % of lithological magnesium oxide (MgO) content in surface or near surface geology within AOI,Percent,DC063B04-19B9-4172-9D07-37B118DB935A,19-AUG-16,13.0,GeoChemPhys1,https://edg.epa.gov/metadata/catalog/search/resource/details.page?uuid=DC063B04-19B9-4172-9D07-37B118DB935A,USGS Sciencebase,https://www.sciencebase.gov/catalog/folder/53481333e4b06f6ce034aae7,
Anthropogenic,MineDens,"Cat, Ws, CatRp100, WsRp100",,Density of mines sites within AOI (mines/square km),Count/Square Kilometer,79e843a5-dd98-41c1-9dd6-914706b75a48,24-FEB-14,31.0,Mines,https://edg.epa.gov/metadata/rest/document?id=79e843a5-dd98-41c1-9dd6-914706b75a48,USGS,http://tin.er.usgs.gov/mineplant/,
Anthropogenic,NABD_Dens,"Cat, Ws",,Density of georeferenced dams within AOI (dams/ square km),Count/Square Kilometer,8A4F8423-0D37-4F28-938A-E5522BFEAA96,06-DEC-18,33.0,NABD,https://edg.epa.gov/metadata/catalog/search/resource/details.page?uuid=8A4F8423-0D37-4F28-938A-E5522BFEAA96,USGS Sciencebase,https://www.sciencebase.gov/catalog/item/512cf142e4b0855fde669828,
Anthropogenic,NABD_NIDStor,"Cat, Ws",,Volume all reservoirs (NID_STORA in NID) per unit area of AOI (cubic meters/square km),Cubic Meters/Square Kilometer,8A4F8423-0D37-4F28-938A-E5522BFEAA96,06-DEC-18,33.0,NABD,https://edg.epa.gov/metadata/catalog/search/resource/details.page?uuid=8A4F8423-0D37-4F28-938A-E5522BFEAA97,USGS Sciencebase,https://www.sciencebase.gov/catalog/item/512cf142e4b0855fde669828,
Anthropogenic,NABD_NrmStor,"Cat, Ws",,Volume all reservoirs (NORM_STORA in NID) per unit area of AOI (cubic meters/square km),Cubic Meters/Square Kilometer,8A4F8423-0D37-4F28-938A-E5522BFEAA96,06-DEC-18,33.0,NABD,https://edg.epa.gov/metadata/catalog/search/resource/details.page?uuid=8A4F8423-0D37-4F28-938A-E5522BFEAA98,USGS Sciencebase,https://www.sciencebase.gov/catalog/item/512cf142e4b0855fde669828,
Anthropogenic,NANI,"Cat, Ws",,Net Anthropogenic Nitrogen within AOI: farm fertilizer + urban fertilizer + NOx deposition + CBNF + Human and Livestock food - crop N content - livestock N content,Kilogram/Hectare/Year,1ab197c0-2cca-4fe0-a935-fb7b6be379c7,02-JAN-22,118.0,Nsurp_NANI,https://edg.epa.gov/metadata/catalog/search/resource/details.page?uuid=1ab197c0-2cca-4fe0-a935-fb7b6be379c7,Pennino et al. 2020,https://www.sciencedirect.com/science/article/pii/S0048969720311724,
Natural,NH4[Year],"Cat, Ws",2008,"Annual gradient map of precipitation-weighted mean deposition for ammonium ion concentration wet deposition for 2008 in kg of NH4/ha/yr, within AOI",Kilogram/Hectare/Year,49DA91A5-0D29-41E4-96BD-93987FF85979,11-MAR-16,34.0,NADP,https://edg.epa.gov/metadata/catalog/search/resource/details.page?uuid=49DA91A5-0D29-41E4-96BD-93987FF85980,NADP,https://nadp.slh.wisc.edu/maps-data/ntn-gradient-maps/,
Natural,NO3[Year],"Cat, Ws",2008,"Annual gradient map of precipitation-weighted mean deposition for nitrate ion concentration wet deposition for 2008 in kg of NO3/ha/yr, within AOI",Kilogram/Hectare/Year,49DA91A5-0D29-41E4-96BD-93987FF85979,11-MAR-16,34.0,NADP,https://edg.epa.gov/metadata/catalog/search/resource/details.page?uuid=49DA91A5-0D29-41E4-96BD-93987FF85982,NADP,https://nadp.slh.wisc.edu/maps-data/ntn-gradient-maps/,
Anthropogenic,NPDESDens,"Cat, Ws, CatRp100, WsRp100",,Density of permitted NPDES (National Pollutant Discharge Elimination System) sites within AOI (sites/square km),Count/Square Kilometer,AEC40436-E5D1-4AD9-BFF4-0654966EC3BF,14-DEC-21,8.0,EPA_FRS,https://edg.epa.gov/metadata/catalog/search/resource/details.page?uuid=AEC40436-E5D1-4AD9-BFF4-0654966EC3BF,EPA FRS,https://www.epa.gov/frs/geospatial-data-download-service,
Natural,N,"Cat, Ws",,Mean % of lithological nitrogen (N) content in surface or near surface geology within AOI,Percent,DC063B04-19B9-4172-9D07-37B118DB935A,19-AUG-16,14.0,GeoChemPhys2,https://edg.epa.gov/metadata/catalog/search/resource/details.page?uuid=DC063B04-19B9-4172-9D07-37B118DB935A,USGS Sciencebase,https://www.sciencebase.gov/catalog/folder/53481333e4b06f6ce034aae7,
Natural,Na2O,"Cat, Ws",,Mean % of lithological sodium oxide (Na2O) content in surface or near surface geology within AOI,Percent,DC063B04-19B9-4172-9D07-37B118DB935A,19-AUG-16,13.0,GeoChemPhys1,https://edg.epa.gov/metadata/catalog/search/resource/details.page?uuid=DC063B04-19B9-4172-9D07-37B118DB935A,USGS Sciencebase,https://www.sciencebase.gov/catalog/folder/53481333e4b06f6ce034aae7,
Anthropogenic,Nsurp,"Cat, Ws",,Nitrogen Surplus (kg N / yr) per AOI - excluding biological N Fixation,Percent,1ab197c0-2cca-4fe0-a935-fb7b6be379c7,02-JAN-22,118.0,Nsurp_NANI,https://edg.epa.gov/metadata/catalog/search/resource/details.page?uuid=1ab197c0-2cca-4fe0-a935-fb7b6be379c7,Pennino et al. 2020,https://www.sciencedirect.com/science/article/pii/S0048969720311724,
Natural,Om,"Cat, Ws",,Mean organic matter content (% by weight) of soils (STATSGO) within AOI ,Percent,AA3ADCFD-0758-47FC-A069-31E95A116A3D,10-AUG-15,56.0,STATSGO_Set2,https://edg.epa.gov/metadata/catalog/search/resource/details.page?uuid=AA3ADCFD-0758-47FC-A069-31E95A116A3D,Carlisle et al. 2009,https://link.springer.com/article/10.1007/s10661-008-0256-z,
Natural,P2O5,"Cat, Ws",,Mean % of lithological phosphorous oxide (P2O5) content in surface or near surface geology within AOI,Percent,DC063B04-19B9-4172-9D07-37B118DB935A,19-AUG-16,13.0,GeoChemPhys1,https://edg.epa.gov/metadata/catalog/search/resource/details.page?uuid=DC063B04-19B9-4172-9D07-37B118DB935A,USGS Sciencebase,https://www.sciencebase.gov/catalog/folder/53481333e4b06f6ce034aae7,
Anthropogenic,PctAgDrainage,"Cat, Ws",,"This dataset represents % of land with agricultural drainage, described in DOI: 10.1016/j.scitotenv.2020.137661, within individual, local NHDPlusV2 catchments and upstream, contributing watersheds.",Unitless,1aae5df2-b9e9-4dd1-996a-c2b08e75d806,02-JAN-22,117.0,AgDrain,https://edg.epa.gov/metadata/catalog/search/resource/details.page?uuid=1aae5df2-b9e9-4dd1-996a-c2b08e75d806,Pennino et al. 2020,https://www.sciencedirect.com/science/article/pii/S0048969720311724,
Anthropogenic,PctAgSlpHigh[Year],"Cat, Ws","2001, 2004, 2006, 2008, 2011, 2013, 2016, 2019",% of AOI area classified as ag land cover (NLCD classes 81-82) occurring on slopes > 20%,Square Kilometers,65264DD6-6227-4732-8162-3E4F194C4913,22-MAY-24,111.0,AgMidHiSlopes,https://edg.epa.gov/metadata/catalog/search/resource/details.page?uuid=65264DD6-6227-4732-8162-3E4F194C4913,NLCD,https://www.mrlc.gov/data,
Anthropogenic,PctAgSlpMid[Year],"Cat, Ws","2001, 2004, 2006, 2008, 2011, 2013, 2016, 2019",% of AOI area classified as ag land cover (NLCD classes 81-82) occurring on slopes > 10%,Percent,65264DD6-6227-4732-8162-3E4F194C4913,22-MAY-24,111.0,AgMidHiSlopes,https://edg.epa.gov/metadata/catalog/search/resource/details.page?uuid=65264DD6-6227-4732-8162-3E4F194C4913,NLCD,https://www.mrlc.gov/data,
Natural,PctAlkIntruVol,"Cat, Ws",,% of AOI area classified as lithology type: alkaline intrusive volcanic rock,Percent,70CB7CB9-A915-48F6-A3DE-BE62446A454E,09-FEB-16,29.0,Lithology,https://edg.epa.gov/metadata/catalog/search/resource/details.page?uuid=70CB7CB9-A915-48F6-A3DE-BE62446A454E,USGS,https://rmgsc.cr.usgs.gov/ecosystems/dataviewer.shtml,
Natural,PctAlluvCoast,"Cat, Ws",,% of AOI area classified as lithology type: alluvium and fine-textured coastal zone sediment,Percent,70CB7CB9-A915-48F6-A3DE-BE62446A454E,09-FEB-16,29.0,Lithology,https://edg.epa.gov/metadata/catalog/search/resource/details.page?uuid=70CB7CB9-A915-48F6-A3DE-BE62446A454E,USGS,https://rmgsc.cr.usgs.gov/ecosystems/dataviewer.shtml,
Natural,PctBl[Year],"Cat, Ws, CatRp100, WsRp100","2001, 2004, 2006, 2008, 2011, 2013, 2016, 2019",% of AOI area classified as barren land cover (NLCD class 31),Percent,65264DD6-6227-4732-8162-3E4F194C4913,06-AUG-21,36.0,NLCD,https://edg.epa.gov/metadata/rest/document?id=65264DD6-6227-4732-8162-3E4F194C4913,NLCD,https://www.mrlc.gov/data,
Natural,PctBurnArea[Year],"Cat, Ws",1984-2018,Mean % of AOI burned from wildfires for each year for 1984-2018,Percent,bdfdd237-06ef-41c3-8024-23a385d44a6b,22-MAR-21,65.0,MTBS,https://edg.epa.gov/metadata/catalog/search/resource/details.page?uuid=bdfdd237-06ef-41c3-8024-23a385d44a6b,MTBS,https://www.mtbs.gov/,
Natural,PctCarbResid,"Cat, Ws",,% of AOI area classified as lithology type: carbonate residual material,Percent,70CB7CB9-A915-48F6-A3DE-BE62446A454E,09-FEB-16,29.0,Lithology,https://edg.epa.gov/metadata/catalog/search/resource/details.page?uuid=70CB7CB9-A915-48F6-A3DE-BE62446A454E,USGS,https://rmgsc.cr.usgs.gov/ecosystems/dataviewer.shtml,
Natural,PctCoastCrs,"Cat, Ws",,"% of AOI area classified as lithology type: coastal zone sediment, coarse-textured",Percent,70CB7CB9-A915-48F6-A3DE-BE62446A454E,09-FEB-16,29.0,Lithology,https://edg.epa.gov/metadata/catalog/search/resource/details.page?uuid=70CB7CB9-A915-48F6-A3DE-BE62446A454E,USGS,https://rmgsc.cr.usgs.gov/ecosystems/dataviewer.shtml,
Natural,PctColluvSed,"Cat, Ws",,% of AOI area classified as lithology type: colluvial sediment,Percent,70CB7CB9-A915-48F6-A3DE-BE62446A454E,09-FEB-16,29.0,Lithology,https://edg.epa.gov/metadata/catalog/search/resource/details.page?uuid=70CB7CB9-A915-48F6-A3DE-BE62446A454E,USGS,https://rmgsc.cr.usgs.gov/ecosystems/dataviewer.shtml,
Natural,PctConif[Year],"Cat, Ws, CatRp100, WsRp100","2001, 2004, 2006, 2008, 2011, 2013, 2016, 2019",% of AOI area classified as evergreen forest land cover (NLCD class 42),Percent,65264DD6-6227-4732-8162-3E4F194C4913,06-AUG-21,36.0,NLCD,https://edg.epa.gov/metadata/rest/document?id=65264DD6-6227-4732-8162-3E4F194C4913,NLCD,https://www.mrlc.gov/data,
Anthropogenic,PctCrop[Year],"Cat, Ws, CatRp100, WsRp100","2001, 2004, 2006, 2008, 2011, 2013, 2016, 2019",% of AOI area classified as crop land use (NLCD class 82),Percent,65264DD6-6227-4732-8162-3E4F194C4913,06-AUG-21,36.0,NLCD,https://edg.epa.gov/metadata/rest/document?id=65264DD6-6227-4732-8162-3E4F194C4913,NLCD,https://www.mrlc.gov/data,
Natural,PctDecid[Year],"Cat, Ws, CatRp100, WsRp100","2001, 2004, 2006, 2008, 2011, 2013, 2016, 2019",% of AOI area classified as deciduous forest land cover (NLCD class 41),Percent,65264DD6-6227-4732-8162-3E4F194C4913,06-AUG-21,36.0,NLCD,https://edg.epa.gov/metadata/rest/document?id=65264DD6-6227-4732-8162-3E4F194C4913,NLCD,https://www.mrlc.gov/data,
Natural,PctEolCrs,"Cat, Ws",,"% of AOI area classified as lithology type: eolian sediment, coarse-textured (sand dunes)",Percent,70CB7CB9-A915-48F6-A3DE-BE62446A454E,09-FEB-16,29.0,Lithology,https://edg.epa.gov/metadata/catalog/search/resource/details.page?uuid=70CB7CB9-A915-48F6-A3DE-BE62446A454E,USGS,https://rmgsc.cr.usgs.gov/ecosystems/dataviewer.shtml,
Natural,PctEolFine,"Cat, Ws",,"% of AOI area classified as lithology type: eolian sediment, fine-textured (glacial loess)",Percent,70CB7CB9-A915-48F6-A3DE-BE62446A454E,09-FEB-16,29.0,Lithology,https://edg.epa.gov/metadata/catalog/search/resource/details.page?uuid=70CB7CB9-A915-48F6-A3DE-BE62446A454E,USGS,https://rmgsc.cr.usgs.gov/ecosystems/dataviewer.shtml,
Natural,PctExtruVol,"Cat, Ws",,% of AOI area classified as lithology type: extrusive volcanic rock,Percent,70CB7CB9-A915-48F6-A3DE-BE62446A454E,09-FEB-16,29.0,Lithology,https://edg.epa.gov/metadata/catalog/search/resource/details.page?uuid=70CB7CB9-A915-48F6-A3DE-BE62446A454E,USGS,https://rmgsc.cr.usgs.gov/ecosystems/dataviewer.shtml,
Natural,PctFire[Year],"Cat, Ws, CatRp100, WsRp100","2001, 2002, 2003, 2004, 2005, 2006, 2007, 2008, 2009, 2010",% Forest loss to fire (fire perimeter) within AOI,Percent,7988E3BC-FD77-47F6-B098-77A686C55B7F,07-NOV-17,10.0,INACTIVE_FirePerimeters,https://edg.epa.gov/metadata/catalog/search/resource/details.page?uuid=7988E3BC-FD77-47F6-B098-77A686C55B7F,USGS,https://data-nifc.opendata.arcgis.com/,
Natural,PctFrstLoss[Year],"Cat, Ws, CatRp100, WsRp100","2001, 2002, 2003, 2004, 2005, 2006, 2007, 2008, 2009, 2010, 2011, 2012, 2013",% Forest cover loss (Tree canopy cover change) within AOI,Percent,F8BED808-A2F6-4F47-AB21-4E3C37F6D9C4,03-NOV-16,11.0,ForestLoss,https://edg.epa.gov/metadata/catalog/search/resource/details.page?uuid=F8BED808-A2F6-4F47-AB21-4E3C37F6D9C4,University of Maryland,http://earthenginepartners.appspot.com/science-2013-global-forest/download_v1.1.html,
Natural,PctGlacLakeCrs,"Cat, Ws",,"% of AOI area classified as lithology type: glacial outwash and glacial lake sediment, coarse-textured",Percent,70CB7CB9-A915-48F6-A3DE-BE62446A454E,09-FEB-16,29.0,Lithology,https://edg.epa.gov/metadata/catalog/search/resource/details.page?uuid=70CB7CB9-A915-48F6-A3DE-BE62446A454E,USGS,https://rmgsc.cr.usgs.gov/ecosystems/dataviewer.shtml,
Natural,PctGlacLakeFine,"Cat, Ws",,"% of AOI area classified as lithology type: glacial lake sediment, fine-textured",Percent,70CB7CB9-A915-48F6-A3DE-BE62446A454E,09-FEB-16,29.0,Lithology,https://edg.epa.gov/metadata/catalog/search/resource/details.page?uuid=70CB7CB9-A915-48F6-A3DE-BE62446A454E,USGS,https://rmgsc.cr.usgs.gov/ecosystems/dataviewer.shtml,
Natural,PctGlacTilClay,"Cat, Ws",,"% of AOI area classified as lithology type: glacial till, clayey",Percent,70CB7CB9-A915-48F6-A3DE-BE62446A454E,09-FEB-16,29.0,Lithology,https://edg.epa.gov/metadata/catalog/search/resource/details.page?uuid=70CB7CB9-A915-48F6-A3DE-BE62446A454E,USGS,https://rmgsc.cr.usgs.gov/ecosystems/dataviewer.shtml,
Natural,PctGlacTilCrs,"Cat, Ws",,"% of AOI area classified as lithology type: glacial till, coarse-textured",Percent,70CB7CB9-A915-48F6-A3DE-BE62446A454E,09-FEB-16,29.0,Lithology,https://edg.epa.gov/metadata/catalog/search/resource/details.page?uuid=70CB7CB9-A915-48F6-A3DE-BE62446A454E,USGS,https://rmgsc.cr.usgs.gov/ecosystems/dataviewer.shtml,
Natural,PctGlacTilLoam,"Cat, Ws",,"% of AOI area classified as lithology type: glacial till, loamy",Percent,70CB7CB9-A915-48F6-A3DE-BE62446A454E,09-FEB-16,29.0,Lithology,https://edg.epa.gov/metadata/catalog/search/resource/details.page?uuid=70CB7CB9-A915-48F6-A3DE-BE62446A454E,USGS,https://rmgsc.cr.usgs.gov/ecosystems/dataviewer.shtml,
Natural,PctGrs[Year],"Cat, Ws, CatRp100, WsRp100","2001, 2004, 2006, 2008, 2011, 2013, 2016, 2019",% of AOI area classified as grassland/herbaceous land cover (NLCD class 71),Percent,65264DD6-6227-4732-8162-3E4F194C4913,06-AUG-21,36.0,NLCD,https://edg.epa.gov/metadata/rest/document?id=65264DD6-6227-4732-8162-3E4F194C4913,NLCD,https://www.mrlc.gov/data,
Anthropogenic,PctHay[Year],"Cat, Ws, CatRp100, WsRp100","2001, 2004, 2006, 2008, 2011, 2013, 2016, 2019",% of AOI area classified as hay land use (NLCD class 81),Percent,65264DD6-6227-4732-8162-3E4F194C4913,06-AUG-21,36.0,NLCD,https://edg.epa.gov/metadata/rest/document?id=65264DD6-6227-4732-8162-3E4F194C4913,NLCD,https://www.mrlc.gov/data,
Natural,PctHbWet[Year],"Cat, Ws, CatRp100, WsRp100","2001, 2004, 2006, 2008, 2011, 2013, 2016, 2019",% of AOI area classified as herbaceous wetland land cover (NLCD class 95),Percent,65264DD6-6227-4732-8162-3E4F194C4913,06-AUG-21,36.0,NLCD,https://edg.epa.gov/metadata/rest/document?id=65264DD6-6227-4732-8162-3E4F194C4913,NLCD,https://www.mrlc.gov/data,
Natural,PctHighSev[Year],"Cat, Ws",1984-2018,% of AOI in each burn severity class for wildfires for each year for 1984-2018,Percent,7ffbc84f-8903-4aca-a9d4-f04e2e801595,22-MAR-21,76.0,MTBS_Severity,https://edg.epa.gov/metadata/catalog/search/resource/details.page?uuid=7ffbc84f-8903-4aca-a9d4-f04e2e801595,MTBS,https://www.mtbs.gov/,
Natural,PctHydric,"Cat, Ws",,"% of AOI area classified as lithology type: hydric, peat and muck",Percent,70CB7CB9-A915-48F6-A3DE-BE62446A454E,09-FEB-16,29.0,Lithology,https://edg.epa.gov/metadata/catalog/search/resource/details.page?uuid=70CB7CB9-A915-48F6-A3DE-BE62446A454E,USGS,https://rmgsc.cr.usgs.gov/ecosystems/dataviewer.shtml,
Natural,PctIce[Year],"Cat, Ws, CatRp100, WsRp100","2001, 2004, 2006, 2008, 2011, 2013, 2016, 2019",% of AOI area classified as ice/snow land cover (NLCD class 12),Percent,65264DD6-6227-4732-8162-3E4F194C4913,06-AUG-21,36.0,NLCD,https://edg.epa.gov/metadata/rest/document?id=65264DD6-6227-4732-8162-3E4F194C4913,NLCD,https://www.mrlc.gov/data,
Natural,PctImp[Year][Slope],"Cat, Ws, CatRp100, WsRp100","2001, 2004, 2006, 2008, 2011, 2013, 2016, 2019",Mean imperviousness of anthropogenic surfaces within AOI  (NLCD),Percent,43F2C9A2-4F0F-4603-928B-5DF138EDDB96,17-AUG-21,60.0,ImperviousSurfaces,https://edg.epa.gov/metadata/catalog/search/resource/details.page?uuid=43F2C9A2-4F0F-4603-928B-5DF138EDDB96,NLCD,https://www.mrlc.gov/data,"slp10, slp20"
Natural,PctIncVegResp[Year],"Cat, Ws",1984-2018,% of AOI in each burn severity class for wildfires for each year for 1984-2018,Percent,7ffbc84f-8903-4aca-a9d4-f04e2e801595,22-MAR-21,76.0,MTBS_Severity,https://edg.epa.gov/metadata/catalog/search/resource/details.page?uuid=7ffbc84f-8903-4aca-a9d4-f04e2e801595,MTBS,https://www.mtbs.gov/,
Natural,PctLowSev[Year],"Cat, Ws",1984-2018,% of AOI in each burn severity class for wildfires for each year for 1984-2018,Percent,7ffbc84f-8903-4aca-a9d4-f04e2e801595,22-MAR-21,76.0,MTBS_Severity,https://edg.epa.gov/metadata/catalog/search/resource/details.page?uuid=7ffbc84f-8903-4aca-a9d4-f04e2e801595,MTBS,https://www.mtbs.gov/,
Natural,PctModSev[Year],"Cat, Ws",1984-2018,% of AOI in each burn severity class for wildfires for each year for 1984-2018,Percent,7ffbc84f-8903-4aca-a9d4-f04e2e801595,22-MAR-21,76.0,MTBS_Severity,https://edg.epa.gov/metadata/catalog/search/resource/details.page?uuid=7ffbc84f-8903-4aca-a9d4-f04e2e801595,MTBS,https://www.mtbs.gov/,
Natural,PctMxFst[Year],"Cat, Ws, CatRp100, WsRp100","2001, 2004, 2006, 2008, 2011, 2013, 2016, 2019",% of AOI area classified as mixed deciduous/evergreen forest land cover (NLCD class 43),Percent,65264DD6-6227-4732-8162-3E4F194C4913,06-AUG-21,36.0,NLCD,https://edg.epa.gov/metadata/rest/document?id=65264DD6-6227-4732-8162-3E4F194C4913,NLCD,https://www.mrlc.gov/data,
Natural,PctNoFire[Year],"Cat, Ws",1984-2018,% of AOI in each burn severity class for wildfires for each year for 1984-2018,Percent,7ffbc84f-8903-4aca-a9d4-f04e2e801595,22-MAR-21,76.0,INACTIVE_MTBS_Severity,https://edg.epa.gov/metadata/catalog/search/resource/details.page?uuid=7ffbc84f-8903-4aca-a9d4-f04e2e801595,MTBS,https://www.mtbs.gov/,
Natural,PctNonAgIntrodManagVeg,"Cat, Ws, CatRp100, WsRp100",,"% Nonagriculture nonnative introduced or managed vegetation landcover type reclassed from LANDFIRE Existing Vegetation Type (EVT), within AOI",Percent,B995906F-9B18-4B1F-B0D1-D13122A80C85,08-MAR-16,42.0,NonAgIntrodManagVeg,https://edg.epa.gov/metadata/catalog/search/resource/details.page?uuid=B995906F-9B18-4B1F-B0D1-D13122A80C85,Landfire,https://www.landfire.gov/vegetation.php,
Natural,PctNonCarbResid,"Cat, Ws",,% of AOI area classified as lithology type: non-carbonate residual material,Percent,70CB7CB9-A915-48F6-A3DE-BE62446A454E,09-FEB-16,29.0,Lithology,https://edg.epa.gov/metadata/catalog/search/resource/details.page?uuid=70CB7CB9-A915-48F6-A3DE-BE62446A454E,USGS,https://rmgsc.cr.usgs.gov/ecosystems/dataviewer.shtml,
Natural,PctNonProcMask[Year],"Cat, Ws",1984-2018,% of AOI in each burn severity class for wildfires for each year for 1984-2018,Percent,7ffbc84f-8903-4aca-a9d4-f04e2e801595,22-MAR-21,76.0,MTBS_Severity,https://edg.epa.gov/metadata/catalog/search/resource/details.page?uuid=7ffbc84f-8903-4aca-a9d4-f04e2e801595,MTBS,https://www.mtbs.gov/,
Natural,PctOw[Year],"Cat, Ws, CatRp100, WsRp100","2001, 2004, 2006, 2008, 2011, 2013, 2016, 2019",% of AOI area classified as open water land cover (NLCD class 11),Percent,65264DD6-6227-4732-8162-3E4F194C4913,06-AUG-21,36.0,NLCD,https://edg.epa.gov/metadata/rest/document?id=65264DD6-6227-4732-8162-3E4F194C4913,NLCD,https://www.mrlc.gov/data,
Natural,PctSalLake,"Cat, Ws",,% of AOI area classified as lithology type: saline like sediment,Percent,70CB7CB9-A915-48F6-A3DE-BE62446A454E,09-FEB-16,29.0,Lithology,https://edg.epa.gov/metadata/catalog/search/resource/details.page?uuid=70CB7CB9-A915-48F6-A3DE-BE62446A454E,USGS,https://rmgsc.cr.usgs.gov/ecosystems/dataviewer.shtml,
Natural,PctShrb[Year],"Cat, Ws, CatRp100, WsRp100","2001, 2004, 2006, 2008, 2011, 2013, 2016, 2019",% of AOI area classified as shrub/scrub land cover (NLCD class 52),Percent,65264DD6-6227-4732-8162-3E4F194C4913,06-AUG-21,36.0,NLCD,https://edg.epa.gov/metadata/rest/document?id=65264DD6-6227-4732-8162-3E4F194C4913,NLCD,https://www.mrlc.gov/data,
Natural,PctSilicic,"Cat, Ws",,% of AOI area classified as lithology type: silicic residual material,Percent,70CB7CB9-A915-48F6-A3DE-BE62446A454E,09-FEB-16,29.0,Lithology,https://edg.epa.gov/metadata/catalog/search/resource/details.page?uuid=70CB7CB9-A915-48F6-A3DE-BE62446A454E,USGS,https://rmgsc.cr.usgs.gov/ecosystems/dataviewer.shtml,
Natural,PctUndSev[Year],"Cat, Ws",1984-2018,% of AOI in each burn severity class for wildfires for each year for 1984-2018,Percent,7ffbc84f-8903-4aca-a9d4-f04e2e801595,22-MAR-21,76.0,MTBS_Severity,https://edg.epa.gov/metadata/catalog/search/resource/details.page?uuid=7ffbc84f-8903-4aca-a9d4-f04e2e801595,MTBS,https://www.mtbs.gov/,
Anthropogenic,PctUrbHi[Year],"Cat, Ws, CatRp100, WsRp100","2001, 2004, 2006, 2008, 2011, 2013, 2016, 2019","% of AOI area classified as developed, high-intensity land use (NLCD class 24)",Percent,65264DD6-6227-4732-8162-3E4F194C4913,06-AUG-21,36.0,NLCD,https://edg.epa.gov/metadata/rest/document?id=65264DD6-6227-4732-8162-3E4F194C4913,NLCD,https://www.mrlc.gov/data,
Anthropogenic,PctUrbLo[Year],"Cat, Ws, CatRp100, WsRp100","2001, 2004, 2006, 2008, 2011, 2013, 2016, 2019","% of AOI area classified as developed, low-intensity land use (NLCD class 22)",Percent,65264DD6-6227-4732-8162-3E4F194C4913,06-AUG-21,36.0,NLCD,https://edg.epa.gov/metadata/rest/document?id=65264DD6-6227-4732-8162-3E4F194C4913,NLCD,https://www.mrlc.gov/data,
Anthropogenic,PctUrbMd[Year],"Cat, Ws, CatRp100, WsRp100","2001, 2004, 2006, 2008, 2011, 2013, 2016, 2019","% of AOI area classified as developed, medium-intensity land use (NLCD class 23)",Percent,65264DD6-6227-4732-8162-3E4F194C4913,06-AUG-21,36.0,NLCD,https://edg.epa.gov/metadata/rest/document?id=65264DD6-6227-4732-8162-3E4F194C4913,NLCD,https://www.mrlc.gov/data,
Anthropogenic,PctUrbOp[Year],"Cat, Ws, CatRp100, WsRp100","2001, 2004, 2006, 2008, 2011, 2013, 2016, 2019","% of AOI area classified as developed, open space land use (NLCD class 21)",Percent,65264DD6-6227-4732-8162-3E4F194C4913,06-AUG-21,36.0,NLCD,https://edg.epa.gov/metadata/rest/document?id=65264DD6-6227-4732-8162-3E4F194C4913,NLCD,https://www.mrlc.gov/data,
Natural,PctWater,"Cat, Ws",,% of AOI area classified as lithology type: water,Percent,70CB7CB9-A915-48F6-A3DE-BE62446A454E,09-FEB-16,29.0,Lithology,https://edg.epa.gov/metadata/catalog/search/resource/details.page?uuid=70CB7CB9-A915-48F6-A3DE-BE62446A454E,USGS,https://rmgsc.cr.usgs.gov/ecosystems/dataviewer.shtml,
Natural,PctWdWet[Year],"Cat, Ws, CatRp100, WsRp100","2001, 2004, 2006, 2008, 2011, 2013, 2016, 2019",% of AOI area classified as woody wetland land cover (NLCD class 90),Percent,65264DD6-6227-4732-8162-3E4F194C4913,06-AUG-21,36.0,NLCD,https://edg.epa.gov/metadata/rest/document?id=65264DD6-6227-4732-8162-3E4F194C4913,NLCD,https://www.mrlc.gov/data,
Natural,Perm,"Cat, Ws",,Mean permeability (cm/hour) of soils (STATSGO) within AOI ,Percent,AA3ADCFD-0758-47FC-A069-31E95A116A3D,22-JUN-16,56.0,STATSGO_Set2,https://edg.epa.gov/metadata/catalog/search/resource/details.page?uuid=AA3ADCFD-0758-47FC-A069-31E95A116A3D,Carlisle et al. 2009,https://link.springer.com/article/10.1007/s10661-008-0256-z,
Anthropogenic,Pestic97,"Cat, Ws",1997,Mean pesticide use (kg/km2) in yr. 1997 within AOI.,Percent,FF4DC154-0BEE-4818-8417-331705B40A12,19-SEP-13,45.0,INACTIVE_Pesticides97,https://edg.epa.gov/metadata/catalog/search/resource/details.page?uuid=FF4DC154-0BEE-4818-8417-331705B40A12,USGS Water Mission Area,http://water.usgs.gov/GIS/metadata/usgswrd/XML/agpest97grd.xml,
Anthropogenic,Pestic[Year],"Cat, Ws",1997,Mean pesticide use (kg/km2) in yr. 1997 within AOI,Kilogram/Square Kilometer,7D1FE157-43CD-4AA6-A1D3-37B4FC41065A,03-AUG-15,45.0,Pesticides97,https://edg.epa.gov/metadata/catalog/search/resource/details.page?uuid=7D1FE157-43CD-4AA6-A1D3-37B4FC41065A,USGS Water Mission Area,http://water.usgs.gov/GIS/metadata/usgswrd/XML/agpest97grd.xml,
Anthropogenic,PopDen[Year],"Cat, Ws, CatRp100, WsRp100",2010,Mean populating density (people/square km) within AOI,Number People / Square Kilometer,BA42DA59-6F0F-4F21-9306-CEDBD29ADE63,15-MAR-16,59.0,USCensus2010,https://edg.epa.gov/metadata/catalog/search/resource/details.page?uuid=BA42DA59-6F0F-4F21-9306-CEDBD29ADE64,US Census,https://www.census.gov/programs-surveys/popest/data/data-sets.html,
Natural,Precip8110,"Cat, Ws",,PRISM climate data - 30-year normal mean precipitation (mm): Annual period: 1981-2010 within AOI,Millimeters,CE7978C6-6F61-4643-9BAB-695FA4478364,12-SEP-13,47.0,PRISM_1981_2010,https://edg.epa.gov/metadata/catalog/search/resource/details.page?uuid=CE7978C6-6F61-4643-9BAB-695FA4478364,PRISM,http://prism.oregonstate.edu,
Natural,Precip9120,"Cat, Ws",1991-2020,PRISM climate data - 30-year normal mean precipitation (mm): Annual period: 1991-2020 within the AOI,Millimeters,C1AED92E-568B-47C6-9B51-272462155A76,10-OCT-23,126.0,PRISM_1991-2020,https://edg.epa.gov/metadata/catalog/search/resource/details.page?uuid=C1AED92E-568B-47C6-9B51-272462155A76,PRISM,http://prism.oregonstate.edu,
Natural,Precip[Year],"Cat, Ws","2008, 2009",PRISM climate data - 30-year normal mean precipitation (mm): Annual period: 2008 and 2009 within the AOI,Millimeters,C1AED92E-568B-47C6-9B51-272462155A76,06-AUG-15,46.0,PRISM_0809,https://edg.epa.gov/metadata/catalog/search/resource/details.page?uuid=C1AED92E-568B-47C6-9B51-272462155A76,PRISM,http://prism.oregonstate.edu,
Natural,Precip_Minus_EVT,"Cat, Ws",,"This dataset represents surplus precipitation (mm): precipitation minus potential evaporation described in DOI: 10.1016/j.scitotenv.2020.137661 within individual,  local NHDPlusV2 catchments and upstream, contributing watersheds.",Kilometer/Square Kilometer,348ecacb-d9ba-491d-bcc4-3518540488f7,01-JAN-22,75.0,Precip_Minus_EVT,https://edg.epa.gov/metadata/catalog/search/resource/details.page?uuid=348ecacb-d9ba-491d-bcc4-3518540488f7,Pennino et al. 2020,https://www.sciencedirect.com/science/article/pii/S0048969720311724,
Natural,RckDep,"Cat, Ws",,Mean depth (cm) to bedrock of soils (STATSGO) within AOI.,Percent,EBB945ED-0151-4DBF-8FE0-806165A58973,06-JAN-14,56.0,STATSGO_Set2,0,Carlisle et al. 2009,https://link.springer.com/article/10.1007/s10661-008-0256-z,
Natural,Rckdep,"Cat, Ws",,Mean depth (cm) to bedrock of soils (STATSGO) within AOI ,Centimeters,AA3ADCFD-0758-47FC-A069-31E95A116A3D,19-JAN-16,56.0,STATSGO_Set2,https://edg.epa.gov/metadata/catalog/search/resource/details.page?uuid=AA3ADCFD-0758-47FC-A069-31E95A116A3D,Carlisle et al. 2009,https://link.springer.com/article/10.1007/s10661-008-0256-z,
Anthropogenic,RdCrsSlpWtd,"Cat, Ws",,Density of roads-stream intersections (2010 Census Tiger Lines-NHD stream lines) multiplied by NHDPlusV21 slope within AOI (crossings*slope/square km),Weighted Count/Square Kilometer,FBBEB21F-62C9-4ECA-BE95-EC3F387CE584,27-JAN-14,52.0,RoadStreamCrossings,https://edg.epa.gov/metadata/catalog/search/resource/details.page?uuid=FBBEB21F-62C9-4ECA-BE95-EC3F387CE584,Carlisle et al. 2019,https://link.springer.com/article/10.1007/s10661-008-0256-z,
Anthropogenic,RdCrs[Slope],"Cat, Ws",,Density of roads-stream intersections (2010 Census Tiger Lines-NHD stream lines) within AOI (crossings/square km),Count/Square Kilometer,BFB01111-7676-4E96-B9BD-7DC4E5A3168B,16-FEB-16,52.0,RoadStreamCrossings,https://edg.epa.gov/metadata/catalog/search/resource/details.page?uuid=BFB01111-7676-4E96-B9BD-7DC4E5A3168B,Carlisle et al. 2019,https://link.springer.com/article/10.1007/s10661-008-0256-z,slpwtd
Anthropogenic,RdDens,"Cat, Ws",,Density of roads (2010 Census Tiger Lines) within AOI (km/square km),Kilometer/Square Kilometer,D3FDB46C-9EF8-4848-AE53-495DB3F058A9,,51.0,INACTIVE_RoadDensity,https://edg.epa.gov/metadata/catalog/search/resource/details.page?uuid=D3FDB46C-9EF8-4848-AE53-495DB3F058A9,US Census,ftp://ftp2.census.gov/geo/pvs/tiger2010st/,
Anthropogenic,RdDens[Year],"Cat, Ws, CatRp100, WsRp100",2010,Density of roads (2010 Census Tiger Lines) within AOI (km/square km),Percent,20AC52F2-251B-49F7-8328-2FC8EA6FE18B,06-MAR-14,51.0,RoadDensity,https://edg.epa.gov/metadata/catalog/search/resource/details.page?uuid=20AC52F2-251B-49F7-8328-2FC8EA6FE18B,US Census,ftp://ftp2.census.gov/geo/pvs/tiger2010st/,
Natural,RockN,"Cat, Ws",,N from rock weathering (kg/ km2) within AOI,Kilogram/Square Kilometer,2475fce5-6deb-4121-8216-30872e63ca41,02-JAN-22,61.0,RockN,https://edg.epa.gov/metadata/catalog/search/resource/details.page?uuid=2475fce5-6deb-4121-8216-30872e63ca41,Pennino et al. 2020,https://www.sciencedirect.com/science/article/pii/S0048969720311724,
Natural,Runoff,"Cat, Ws",,Mean runoff (mm) within AOI,Millimeters,15669D84-E7E5-4E53-9FC3-0E022B6F40C0,24-FEB-14,54.0,Runoff,https://edg.epa.gov/metadata/catalog/search/resource/details.page?uuid=15669D84-E7E5-4E53-9FC3-0E022B6F40C0,McCabe GJ & Wolock DM (2011),https://agupubs.onlinelibrary.wiley.com/doi/full/10.1029/2011WR010630,
Anthropogenic,SED,"Cat, Ws",,Sediment regulation component score calculated using AOI metrics,Percent,520397B1-342A-45EA-B8F9-B05694C0A194,01-JAN-18,17.0,ICI_IWI_v2_1,https://edg.epa.gov/metadata/catalog/search/resource/details.page?uuid=520397B1-342A-45EA-B8F9-B05694C0A194,Johnson et al. 2019,https://www.ncbi.nlm.nih.gov/pmc/articles/PMC6469687/,
Natural,SN[Year],"Cat, Ws",2008,"Annual gradient map of precipitation-weighted mean deposition for average sulfur & nitrogen wet deposition for 2008 in kg of S+N/ha/yr, within AOI",Kilogram/Hectare/Year,49DA91A5-0D29-41E4-96BD-93987FF85979,11-MAR-16,34.0,NADP,https://edg.epa.gov/metadata/catalog/search/resource/details.page?uuid=49DA91A5-0D29-41E4-96BD-93987FF85979,NADP,https://nadp.slh.wisc.edu/maps-data/ntn-gradient-maps/,
Natural,S,"Cat, Ws",,Mean % of lithological sulfur (S) content in surface or near surface geology within AOI,Percent,DC063B04-19B9-4172-9D07-37B118DB935A,19-AUG-16,13.0,GeoChemPhys1,https://edg.epa.gov/metadata/catalog/search/resource/details.page?uuid=DC063B04-19B9-4172-9D07-37B118DB935A,USGS Sciencebase,https://www.sciencebase.gov/catalog/folder/53481333e4b06f6ce034aae7,
Natural,Sand,"Cat, Ws",,Mean % sand content of soils (STATSGO) within AOI ,Percent,AA3ADCFD-0758-47FC-A069-31E95A116A3D,11-MAR-16,55.0,STATSGO_Set1,https://edg.epa.gov/metadata/catalog/search/resource/details.page?uuid=AA3ADCFD-0758-47FC-A069-31E95A116A3D,Carlisle et al. 2009,https://link.springer.com/article/10.1007/s10661-008-0256-z,
Anthropogenic,Septic,"Cat, Ws",,Density of septic systems per AOI - based on 1990 Census,Kilogram/Hectare/Year,decccf96-783c-4e0e-962c-27da23c0289b,02-JAN-22,69.0,Septic,https://edg.epa.gov/metadata/catalog/search/resource/details.page?uuid=decccf96-783c-4e0e-962c-27da23c0289b,Pennino et al. 2020,https://www.sciencedirect.com/science/article/pii/S0048969720311724,
Natural,SiO2,"Cat, Ws",,Mean % of lithological silicon dioxide (SiO2) content in surface or near surface geology within AOI,Percent,DC063B04-19B9-4172-9D07-37B118DB935A,19-AUG-16,13.0,GeoChemPhys1,https://edg.epa.gov/metadata/catalog/search/resource/details.page?uuid=DC063B04-19B9-4172-9D07-37B118DB935A,USGS Sciencebase,https://www.sciencebase.gov/catalog/folder/53481333e4b06f6ce034aae7,
Anthropogenic,SuperfundDens,"Cat, Ws, CatRp100, WsRp100",,Density of Superfund sites within AOI (sites/square km),Count/Square Kilometer,AEC40436-E5D1-4AD9-BFF4-0654966EC3BF,14-DEC-21,8.0,EPA_FRS,https://edg.epa.gov/metadata/catalog/search/resource/details.page?uuid=AEC40436-E5D1-4AD9-BFF4-0654966EC3BF,EPA FRS,https://www.epa.gov/frs/geospatial-data-download-service,
Anthropogenic,TEMP,"Cat, Ws",,Temperature regulation component score calculated using AOI metrics,Percent,520397B1-342A-45EA-B8F9-B05694C0A194,01-JAN-18,17.0,ICI_IWI_v2_1,https://edg.epa.gov/metadata/catalog/search/resource/details.page?uuid=520397B1-342A-45EA-B8F9-B05694C0A194,Johnson et al. 2019,https://www.ncbi.nlm.nih.gov/pmc/articles/PMC6469687/,
Anthropogenic,TRIDens,"Cat, Ws, CatRp100, WsRp100",,Density of TRI (Toxic Release Inventory) sites within AOI (sites/square km),Count/Square Kilometer,AEC40436-E5D1-4AD9-BFF4-0654966EC3BF,14-DEC-21,8.0,EPA_FRS,https://edg.epa.gov/metadata/catalog/search/resource/details.page?uuid=AEC40436-E5D1-4AD9-BFF4-0654966EC3BF,EPA FRS,https://www.epa.gov/frs/geospatial-data-download-service,
Natural,ThalwagDepth,Other,,Predicted thalweg depth: deepest point in the channel cross section from the bottom substrate to the water surface,Centimeters,7a44ee19-0620-4be9-b82d-e2a42943c067,21-MAR-23,125.0,predicted_channel_widths_depths,https://edg.epa.gov/metadata/catalog/search/resource/details.page?uuid=7a44ee19-0620-4be9-b82d-e2a42943c067,Doyle et al. 2023,https://doi.org/10.1111/1752-1688.13116,
Natural,Tmax8110,"Cat, Ws",1981-2010,PRISM climate data - 30-year normal maximum temperature (CÂ°): Annual period: 1981-2010 within the AOI,Celsius,C1AED92E-568B-47C6-9B51-272462155A76,12-SEP-13,47.0,PRISM_1981_2010,https://edg.epa.gov/metadata/catalog/search/resource/details.page?uuid=C1AED92E-568B-47C6-9B51-272462155A76,PRISM,http://prism.oregonstate.edu,
Natural,Tmax9120,"Cat, Ws",1991-2020,PRISM climate data - 30-year normal maximum temperature (CÂ°): Annual period: 1991-2020 within the AOI,Celsius,C1AED92E-568B-47C6-9B51-272462155A76,10-OCT-23,126.0,PRISM_1991-2020,https://edg.epa.gov/metadata/catalog/search/resource/details.page?uuid=C1AED92E-568B-47C6-9B51-272462155A76,PRISM,http://prism.oregonstate.edu,
Natural,Tmean8110,"Cat, Ws",1981-2010,PRISM climate data - 30-year normal mean temperature (CÂ°): Annual period: 1981-2010 within the AOI,Celsius,C1AED92E-568B-47C6-9B51-272462155A76,12-SEP-13,47.0,PRISM_1981_2010,https://edg.epa.gov/metadata/catalog/search/resource/details.page?uuid=C1AED92E-568B-47C6-9B51-272462155A76,PRISM,http://prism.oregonstate.edu,
Natural,Tmean9120,"Cat, Ws",1991-2020,PRISM climate data - 30-year normal mean temperature (CÂ°): Annual period: 1991-2020 within the AOI,Celsius,C1AED92E-568B-47C6-9B51-272462155A76,10-OCT-23,126.0,PRISM_1991-2020,https://edg.epa.gov/metadata/catalog/search/resource/details.page?uuid=C1AED92E-568B-47C6-9B51-272462155A76,PRISM,http://prism.oregonstate.edu,
Natural,Tmean[Year],"Cat, Ws","2008, 2009",PRISM climate data - Mean temperature (°C) within the AOI. Period: 2008 and 2009,Celsius,C1AED92E-568B-47C6-9B51-272462155A76,,46.0,INACTIVE_PRISM_0809,https://edg.epa.gov/metadata/catalog/search/resource/details.page?uuid=C1AED92E-568B-47C6-9B51-272462155A76,PRISM,http://prism.oregonstate.edu,
Natural,Tmin8110,"Cat, Ws",1981-2010,PRISM climate data - 30-year normal minimum temperature (CÂ°): Annual period: 1981-2010 within the AOI,Celsius,C1AED92E-568B-47C6-9B51-272462155A76,12-SEP-13,47.0,PRISM_1981_2010,https://edg.epa.gov/metadata/catalog/search/resource/details.page?uuid=C1AED92E-568B-47C6-9B51-272462155A76,PRISM,http://prism.oregonstate.edu,
Natural,Tmin9120,"Cat, Ws",1991-2020,PRISM climate data - 30-year normal minimum temperature (CÂ°): Annual period: 1991-2020 within the AOI,Celsius,C1AED92E-568B-47C6-9B51-272462155A76,10-OCT-23,126.0,PRISM_1991-2020,https://edg.epa.gov/metadata/catalog/search/resource/details.page?uuid=C1AED92E-568B-47C6-9B51-272462155A76,PRISM,http://prism.oregonstate.edu,
Anthropogenic,WWTPAllDens,"Cat, Ws",,Density (number/ km2) of all wastewater treatment plants per AOI,Count/Kilometer,c698cf93-23ed-4854-9749-757acf3b8a82,02-JAN-22,119.0,WWTP,https://edg.epa.gov/metadata/catalog/search/resource/details.page?uuid=c698cf93-23ed-4854-9749-757acf3b8a82,Pennino et al. 2020,https://www.sciencedirect.com/science/article/pii/S0048969720311724,
Anthropogenic,WWTPMajorDens,"Cat, Ws",,Density (number/ km2) of major wastewater treatment plants per AOI,Count/Kilometer,c698cf93-23ed-4854-9749-757acf3b8a82,03-JAN-22,119.0,WWTP,https://edg.epa.gov/metadata/catalog/search/resource/details.page?uuid=c698cf93-23ed-4854-9749-757acf3b8a82,Pennino et al. 2020,https://www.sciencedirect.com/science/article/pii/S0048969720311724,
Anthropogenic,WWTPMinorDens,"Cat, Ws",,Density (number/ km2) of minor wastewater treatment plants per AOI,Count/Kilometer,c698cf93-23ed-4854-9749-757acf3b8a82,04-JAN-22,119.0,WWTP,https://edg.epa.gov/metadata/catalog/search/resource/details.page?uuid=c698cf93-23ed-4854-9749-757acf3b8a82,Pennino et al. 2020,https://www.sciencedirect.com/science/article/pii/S0048969720311724,
Anthropogenic,WaterInput,"Cat, Ws",,Water Input (km2/cm): Ratio of the total area of irrigated land to precipitation within AOI,Square Kilometers/Centimeter,478be3b3-3c4e-4028-94a3-5a26e9c922a8,02-JAN-22,116.0,WaterInput,https://edg.epa.gov/metadata/catalog/search/resource/details.page?uuid=478be3b3-3c4e-4028-94a3-5a26e9c922a8,Pennino et al. 2020,https://www.sciencedirect.com/science/article/pii/S0048969720311724,
Natural,WetIndex,"Cat, Ws",,Mean Composite Topographic Index (CTI)[Wetness Index] within AOI,Unitless,2717d2c3-32d3-41a5-89f5-60a8d7f04965,01-OCT-18,74.0,WetIndex,https://edg.epa.gov/metadata/rest/document?id=2717d2c3-32d3-41a5-89f5-60a8d7f04965,EnviroAtlas,https://enviroatlas.epa.gov/enviroatlas/DataFactSheets/pdf/Supplemental/PotentialWetlandArea.pdf,
Natural,WettedWidth,Other,,Predicted wetted width: distance of the waters edge from left to right bank,Meters,7a44ee19-0620-4be9-b82d-e2a42943c067,21-MAR-23,125.0,predicted_channel_widths_depths,https://edg.epa.gov/metadata/catalog/search/resource/details.page?uuid=7a44ee19-0620-4be9-b82d-e2a42943c067,Doyle et al. 2023,https://doi.org/10.1111/1752-1688.13116,
Base,WsAreaSqKmRp100,"Ws, WsRp100","2001, 2004, 2006, 2008, 2011, 2013, 2016, 2019",Watershed area (square km) within a 100-m buffer of NHD streams. Original NLCD 2006 water cells adjacent to NHD stream lines used to expand NHD stream lines to full water area,Square Kilometers,0,19-JAN-16,,Tables with Rp100 metrics,https://edg.epa.gov/metadata/rest/document?id=%7BE4DB0FCC-4CB4-43CD-BE0B-C82858D85D36%7D=metadata_to_html_full,Johnson s.  b. 2019,https://www.epa.gov/waterdata/nhdplus-national-hydrography-dataset-plus and https://www.mrlc.gov/,
Base,WsAreaSqKm,Ws,,"Watershed area (square km) at NHDPlus stream segment outlet, i.e., at the most downstream location of the vector line segment",Square Kilometers,0,01-JAN-16,,All,0,NHDPlusV2,https://www.epa.gov/waterdata/nhdplus-national-hydrography-dataset-plus,
Natural,WtDep,"Cat, Ws",,Mean seasonal water table depth (cm) of soils (STATSGO) within AOI ,Centimeters,AA3ADCFD-0758-47FC-A069-31E95A116A3D,15-JAN-16,56.0,STATSGO_Set2,https://edg.epa.gov/metadata/catalog/search/resource/details.page?uuid=AA3ADCFD-0758-47FC-A069-31E95A116A3D,Carlisle et al. 2009,https://link.springer.com/article/10.1007/s10661-008-0256-z,
Base,inStream,Cat,,1 = on-network lake and data were taken from StreamCat; 0 = off-network lake and custom AOIs  was needed to generate LakeCat data,Binary,,,,All,0,,http://www.horizon-systems.com/NHDPlus/NHDPlusV2_data.php,
Natural,prG_BMMI[Year],Other,"2008, 2009",Predicted probability that a stream segment is in good biological condition based on a random forest model of the NRSA benthic invertebrate multimetric index (BMMI),Percent,347BAA74-DA58-4F3D-BD51-7A424CAA8EBD,04-SEP-17,43.0,NRSA_PredictedBioCondition,https://edg.epa.gov/metadata/catalog/search/resource/details.page?uuid=347BAA74-DA58-4F3D-BD51-7A424CAA8EBD,Hill et al. 2017,https://www.ncbi.nlm.nih.gov/pmc/articles/PMC5796808/,
Anthropogenic,sw_flux,"Cat, Ws",,Estimated surface water TN flux (kg N / km2) within AOI,Count/Square Kilometer,956964c5-b117-49b7-b469-35b90d95574a,02-JAN-22,71.0,sw_flux,https://edg.epa.gov/metadata/catalog/search/resource/details.page?uuid=956964c5-b117-49b7-b469-35b90d95574a,Pennino et al. 2020,https://www.sciencedirect.com/science/article/pii/S0048969720311724,
Anthropogenic,wdrw_LD,"Cat, Ws",,Total fresh surface-water withdrawals in agricultural land per AOI area (L/day),Kilogram/Square Kilometer,26bfe85d-64e1-41d8-b871-79914e59f788,01-JAN-22,73.0,wdrw_LD,https://edg.epa.gov/metadata/catalog/search/resource/details.page?uuid=26bfe85d-64e1-41d8-b871-79914e59f788,Pennino et al. 2020,https://www.sciencedirect.com/science/article/pii/S0048969720311724,
